# Eden New Frontiers keeps and towers: positions from the Eden war map (via DAoCLogWatcher frontier_zones.json, checked against the launcher map at Dun da Behnn),
# piece layouts and headings from Dawn-of-Light db-public (Keep, KeepComponent), 27 headings corrected from the Eden launcher's keep images (zones\structures\k<id>.png); z set to the ground for 341, 368, 579, 580, 596, 851, 1088 (moved by Eden, db z lay under the terrain). heading in degrees, piece x/y in 148 unit grid steps, piece heading in 90 degree steps
region,keep_id,name,realm,x,y,z,heading,skin,piece_x,piece_y,piece_heading
163,62,Caer Benowyc,1,576290,502131,8776,289,30,-5,5,0
163,62,Caer Benowyc,1,576290,502131,8776,289,24,-2,-6,0
163,62,Caer Benowyc,1,576290,502131,8776,289,21,4,-9,0
163,62,Caer Benowyc,1,576290,502131,8776,289,21,-5,-9,0
163,62,Caer Benowyc,1,576290,502131,8776,289,25,-6,-6,1
163,62,Caer Benowyc,1,576290,502131,8776,289,25,7,-6,0
163,62,Caer Benowyc,1,576290,502131,8776,289,21,10,1,3
163,62,Caer Benowyc,1,576290,502131,8776,289,21,-9,3,1
163,62,Caer Benowyc,1,576290,502131,8776,289,21,-3,10,2
163,62,Caer Benowyc,1,576290,502131,8776,289,29,6,7,2
163,62,Caer Benowyc,1,576290,502131,8776,289,28,-9,6,1
163,62,Caer Benowyc,1,576290,502131,8776,289,28,10,4,3
163,62,Caer Benowyc,1,576290,502131,8776,289,25,7,7,3
163,62,Caer Benowyc,1,576290,502131,8776,289,21,0,10,2
163,62,Caer Benowyc,1,576290,502131,8776,289,32,-6,0,1
163,62,Caer Benowyc,1,576290,502131,8776,289,32,7,-5,3
163,62,Caer Benowyc,1,576290,502131,8776,289,33,4,-1,0
163,62,Caer Benowyc,1,576290,502131,8776,289,27,-6,13,1
163,63,Caer Berkstead,1,616597,510903,8852,78,30,0,8,1
163,63,Caer Berkstead,1,616597,510903,8852,78,24,-2,-7,0
163,63,Caer Berkstead,1,616597,510903,8852,78,25,4,-7,0
163,63,Caer Berkstead,1,616597,510903,8852,78,25,-3,-7,1
163,63,Caer Berkstead,1,616597,510903,8852,78,29,-3,-1,1
163,63,Caer Berkstead,1,616597,510903,8852,78,29,4,-6,3
163,63,Caer Berkstead,1,616597,510903,8852,78,22,6,0,3
163,63,Caer Berkstead,1,616597,510903,8852,78,27,10,9,2
163,63,Caer Berkstead,1,616597,510903,8852,78,27,-3,15,1
163,63,Caer Berkstead,1,616597,510903,8852,78,23,3,12,2
163,63,Caer Berkstead,1,616597,510903,8852,78,20,-6,4,0
163,64,Caer Erasleigh,1,572040,548393,8232,205,30,-3,5,1
163,64,Caer Erasleigh,1,572040,548393,8232,205,24,1,-7,0
163,64,Caer Erasleigh,1,572040,548393,8232,205,25,7,-7,0
163,64,Caer Erasleigh,1,572040,548393,8232,205,29,7,-6,3
163,64,Caer Erasleigh,1,572040,548393,8232,205,21,10,0,3
163,64,Caer Erasleigh,1,572040,548393,8232,205,29,7,3,3
163,64,Caer Erasleigh,1,572040,548393,8232,205,25,7,9,3
163,64,Caer Erasleigh,1,572040,548393,8232,205,23,-5,-10,0
163,64,Caer Erasleigh,1,572040,548393,8232,205,27,-12,-7,0
163,64,Caer Erasleigh,1,572040,548393,8232,205,29,6,9,2
163,64,Caer Erasleigh,1,572040,548393,8232,205,23,0,12,2
163,64,Caer Erasleigh,1,572040,548393,8232,205,27,-6,15,1
163,64,Caer Erasleigh,1,572040,548393,8232,205,21,-9,-4,1
163,64,Caer Erasleigh,1,572040,548393,8232,205,28,-9,8,1
163,64,Caer Erasleigh,1,572040,548393,8232,205,20,-7,6,0
163,65,Caer Boldiam,1,606759,576610,8880,0,30,3,7,2
163,65,Caer Boldiam,1,606759,576610,8880,0,24,1,0,0
163,65,Caer Boldiam,1,606759,576610,8880,0,27,-9,16,1
163,65,Caer Boldiam,1,606759,576610,8880,0,21,-6,13,2
163,65,Caer Boldiam,1,606759,576610,8880,0,21,7,-3,0
163,65,Caer Boldiam,1,606759,576610,8880,0,27,16,10,2
163,65,Caer Boldiam,1,606759,576610,8880,0,23,9,13,2
163,65,Caer Boldiam,1,606759,576610,8880,0,22,12,1,3
163,65,Caer Boldiam,1,606759,576610,8880,0,27,10,-6,3
163,65,Caer Boldiam,1,606759,576610,8880,0,26,-5,-8,3
163,65,Caer Boldiam,1,606759,576610,8880,0,27,-8,-15,3
163,65,Caer Boldiam,1,606759,576610,8880,0,25,-9,-9,1
163,65,Caer Boldiam,1,606759,576610,8880,0,22,-11,0,1
163,65,Caer Boldiam,1,606759,576610,8880,0,28,-12,9,1
163,65,Caer Boldiam,1,606759,576610,8880,0,23,-12,6,1
163,65,Caer Boldiam,1,606759,576610,8880,0,20,-7,2,0
163,66,Caer Sursbrooke,1,581532,600756,8496,90,30,7,-3,3
163,66,Caer Sursbrooke,1,581532,600756,8496,90,24,-8,-4,0
163,66,Caer Sursbrooke,1,581532,600756,8496,90,27,-15,-4,0
163,66,Caer Sursbrooke,1,581532,600756,8496,90,23,-2,-7,0
163,66,Caer Sursbrooke,1,581532,600756,8496,90,23,4,-7,0
163,66,Caer Sursbrooke,1,581532,600756,8496,90,27,10,-10,3
163,66,Caer Sursbrooke,1,581532,600756,8496,90,22,-11,5,1
163,66,Caer Sursbrooke,1,581532,600756,8496,90,27,-9,12,1
163,66,Caer Sursbrooke,1,581532,600756,8496,90,29,-3,6,2
163,66,Caer Sursbrooke,1,581532,600756,8496,90,29,3,6,2
163,66,Caer Sursbrooke,1,581532,600756,8496,90,23,9,9,2
163,66,Caer Sursbrooke,1,581532,600756,8496,90,27,16,6,2
163,67,Caer Hurbury,1,599686,650276,8424,110,30,-6,9,1
163,67,Caer Hurbury,1,599686,650276,8424,110,24,9,-3,1
163,67,Caer Hurbury,1,599686,650276,8424,110,27,10,-15,3
163,67,Caer Hurbury,1,599686,650276,8424,110,26,1,3,0
163,67,Caer Hurbury,1,599686,650276,8424,110,25,9,-9,1
163,67,Caer Hurbury,1,599686,650276,8424,110,27,-15,-9,0
163,67,Caer Hurbury,1,599686,650276,8424,110,26,-5,-2,3
163,67,Caer Hurbury,1,599686,650276,8424,110,23,13,-8,3
163,67,Caer Hurbury,1,599686,650276,8424,110,25,-8,-9,0
163,67,Caer Hurbury,1,599686,650276,8424,110,29,-8,-8,3
163,67,Caer Hurbury,1,599686,650276,8424,110,22,12,1,3
163,67,Caer Hurbury,1,599686,650276,8424,110,28,13,-2,3
163,67,Caer Hurbury,1,599686,650276,8424,110,27,16,10,2
163,67,Caer Hurbury,1,599686,650276,8424,110,28,-12,-6,1
163,67,Caer Hurbury,1,599686,650276,8424,110,23,-12,0,1
163,67,Caer Hurbury,1,599686,650276,8424,110,29,-3,10,2
163,67,Caer Hurbury,1,599686,650276,8424,110,23,3,13,2
163,67,Caer Hurbury,1,599686,650276,8424,110,29,9,10,2
163,67,Caer Hurbury,1,599686,650276,8424,110,25,-9,10,2
163,68,Caer Renaris,1,627175,607498,8576,15,30,-5,8,0
163,68,Caer Renaris,1,627175,607498,8576,15,24,-2,-9,0
163,68,Caer Renaris,1,627175,607498,8576,15,21,4,-12,0
163,68,Caer Renaris,1,627175,607498,8576,15,21,-5,-12,0
163,68,Caer Renaris,1,627175,607498,8576,15,27,-12,-9,0
163,68,Caer Renaris,1,627175,607498,8576,15,27,7,-15,3
163,68,Caer Renaris,1,627175,607498,8576,15,29,3,10,2
163,68,Caer Renaris,1,627175,607498,8576,15,23,10,-8,3
163,68,Caer Renaris,1,627175,607498,8576,15,23,10,4,3
163,68,Caer Renaris,1,627175,607498,8576,15,27,13,10,2
163,68,Caer Renaris,1,627175,607498,8576,15,28,6,13,2
163,68,Caer Renaris,1,627175,607498,8576,15,27,-6,16,1
163,68,Caer Renaris,1,627175,607498,8576,15,23,-9,9,1
163,68,Caer Renaris,1,627175,607498,8576,15,23,-9,-3,1
163,68,Caer Renaris,1,627175,607498,8576,15,32,-6,3,1
163,68,Caer Renaris,1,627175,607498,8576,15,32,7,-2,3
163,68,Caer Renaris,1,627175,607498,8576,15,33,4,2,0
163,68,Caer Renaris,1,627175,607498,8576,15,21,-3,13,2
163,82,Bledmeer Faste,2,533624,407418,8944,0,30,-5,5,0
163,82,Bledmeer Faste,2,533624,407418,8944,0,24,-2,-6,0
163,82,Bledmeer Faste,2,533624,407418,8944,0,21,4,-9,0
163,82,Bledmeer Faste,2,533624,407418,8944,0,21,-5,-9,0
163,82,Bledmeer Faste,2,533624,407418,8944,0,25,-6,-6,1
163,82,Bledmeer Faste,2,533624,407418,8944,0,25,7,-6,0
163,82,Bledmeer Faste,2,533624,407418,8944,0,21,10,1,3
163,82,Bledmeer Faste,2,533624,407418,8944,0,21,-9,3,1
163,82,Bledmeer Faste,2,533624,407418,8944,0,21,-3,10,2
163,82,Bledmeer Faste,2,533624,407418,8944,0,29,6,7,2
163,82,Bledmeer Faste,2,533624,407418,8944,0,28,-9,6,1
163,82,Bledmeer Faste,2,533624,407418,8944,0,28,10,4,3
163,82,Bledmeer Faste,2,533624,407418,8944,0,25,7,7,3
163,82,Bledmeer Faste,2,533624,407418,8944,0,21,0,10,2
163,82,Bledmeer Faste,2,533624,407418,8944,0,32,-6,0,1
163,82,Bledmeer Faste,2,533624,407418,8944,0,32,7,-5,3
163,82,Bledmeer Faste,2,533624,407418,8944,0,33,4,-1,0
163,82,Bledmeer Faste,2,533624,407418,8944,0,27,-6,13,1
163,83,Nottmoor Faste,2,535060,365500,8720,0,30,0,8,1
163,83,Nottmoor Faste,2,535060,365500,8720,0,24,-2,-7,0
163,83,Nottmoor Faste,2,535060,365500,8720,0,25,4,-7,0
163,83,Nottmoor Faste,2,535060,365500,8720,0,25,-3,-7,1
163,83,Nottmoor Faste,2,535060,365500,8720,0,29,-3,-1,1
163,83,Nottmoor Faste,2,535060,365500,8720,0,29,4,-6,3
163,83,Nottmoor Faste,2,535060,365500,8720,0,22,6,0,3
163,83,Nottmoor Faste,2,535060,365500,8720,0,27,10,9,2
163,83,Nottmoor Faste,2,535060,365500,8720,0,27,-3,15,1
163,83,Nottmoor Faste,2,535060,365500,8720,0,23,3,12,2
163,83,Nottmoor Faste,2,535060,365500,8720,0,20,-6,4,0
163,84,Hlidskialf Faste,2,640789,411416,8424,310,30,-3,5,1
163,84,Hlidskialf Faste,2,640789,411416,8424,310,24,1,-7,0
163,84,Hlidskialf Faste,2,640789,411416,8424,310,25,7,-7,0
163,84,Hlidskialf Faste,2,640789,411416,8424,310,29,7,-6,3
163,84,Hlidskialf Faste,2,640789,411416,8424,310,21,10,0,3
163,84,Hlidskialf Faste,2,640789,411416,8424,310,29,7,3,3
163,84,Hlidskialf Faste,2,640789,411416,8424,310,25,7,9,3
163,84,Hlidskialf Faste,2,640789,411416,8424,310,23,-5,-10,0
163,84,Hlidskialf Faste,2,640789,411416,8424,310,27,-12,-7,0
163,84,Hlidskialf Faste,2,640789,411416,8424,310,29,6,9,2
163,84,Hlidskialf Faste,2,640789,411416,8424,310,23,0,12,2
163,84,Hlidskialf Faste,2,640789,411416,8424,310,27,-6,15,1
163,84,Hlidskialf Faste,2,640789,411416,8424,310,21,-9,-4,1
163,84,Hlidskialf Faste,2,640789,411416,8424,310,28,-9,8,1
163,84,Hlidskialf Faste,2,640789,411416,8424,310,20,-7,6,0
163,85,Blendrake Faste,2,601031,408816,8280,0,30,7,-3,3
163,85,Blendrake Faste,2,601031,408816,8280,0,24,-8,-4,0
163,85,Blendrake Faste,2,601031,408816,8280,0,27,-15,-4,0
163,85,Blendrake Faste,2,601031,408816,8280,0,23,-2,-7,0
163,85,Blendrake Faste,2,601031,408816,8280,0,23,4,-7,0
163,85,Blendrake Faste,2,601031,408816,8280,0,27,10,-10,3
163,85,Blendrake Faste,2,601031,408816,8280,0,22,-11,5,1
163,85,Blendrake Faste,2,601031,408816,8280,0,27,-9,12,1
163,85,Blendrake Faste,2,601031,408816,8280,0,29,-3,6,2
163,85,Blendrake Faste,2,601031,408816,8280,0,29,3,6,2
163,85,Blendrake Faste,2,601031,408816,8280,0,23,9,9,2
163,85,Blendrake Faste,2,601031,408816,8280,0,27,16,6,2
163,86,Glenlock Faste,2,609472,376000,8904,180,30,3,7,2
163,86,Glenlock Faste,2,609472,376000,8904,180,24,1,0,0
163,86,Glenlock Faste,2,609472,376000,8904,180,27,-9,16,1
163,86,Glenlock Faste,2,609472,376000,8904,180,21,-6,13,2
163,86,Glenlock Faste,2,609472,376000,8904,180,21,7,-3,0
163,86,Glenlock Faste,2,609472,376000,8904,180,27,16,10,2
163,86,Glenlock Faste,2,609472,376000,8904,180,23,9,13,2
163,86,Glenlock Faste,2,609472,376000,8904,180,22,12,1,3
163,86,Glenlock Faste,2,609472,376000,8904,180,27,10,-6,3
163,86,Glenlock Faste,2,609472,376000,8904,180,26,-5,-8,3
163,86,Glenlock Faste,2,609472,376000,8904,180,27,-8,-15,3
163,86,Glenlock Faste,2,609472,376000,8904,180,25,-9,-9,1
163,86,Glenlock Faste,2,609472,376000,8904,180,22,-11,0,1
163,86,Glenlock Faste,2,609472,376000,8904,180,28,-12,9,1
163,86,Glenlock Faste,2,609472,376000,8904,180,23,-12,6,1
163,86,Glenlock Faste,2,609472,376000,8904,180,20,-7,2,0
163,87,Fensalir Faste,2,639744,345600,8664,270,30,-5,8,0
163,87,Fensalir Faste,2,639744,345600,8664,270,24,-2,-9,0
163,87,Fensalir Faste,2,639744,345600,8664,270,21,4,-12,0
163,87,Fensalir Faste,2,639744,345600,8664,270,21,-5,-12,0
163,87,Fensalir Faste,2,639744,345600,8664,270,27,-12,-9,0
163,87,Fensalir Faste,2,639744,345600,8664,270,27,7,-15,3
163,87,Fensalir Faste,2,639744,345600,8664,270,29,3,10,2
163,87,Fensalir Faste,2,639744,345600,8664,270,23,10,-8,3
163,87,Fensalir Faste,2,639744,345600,8664,270,23,10,4,3
163,87,Fensalir Faste,2,639744,345600,8664,270,27,13,10,2
163,87,Fensalir Faste,2,639744,345600,8664,270,28,6,13,2
163,87,Fensalir Faste,2,639744,345600,8664,270,27,-6,16,1
163,87,Fensalir Faste,2,639744,345600,8664,270,23,-9,9,1
163,87,Fensalir Faste,2,639744,345600,8664,270,23,-9,-3,1
163,87,Fensalir Faste,2,639744,345600,8664,270,32,-6,3,1
163,87,Fensalir Faste,2,639744,345600,8664,270,32,7,-2,3
163,87,Fensalir Faste,2,639744,345600,8664,270,33,4,2,0
163,87,Fensalir Faste,2,639744,345600,8664,270,21,-3,13,2
163,88,Arvakr Faste,2,685596,389325,8696,270,30,-6,9,1
163,88,Arvakr Faste,2,685596,389325,8696,270,24,9,-3,1
163,88,Arvakr Faste,2,685596,389325,8696,270,27,10,-15,3
163,88,Arvakr Faste,2,685596,389325,8696,270,26,1,3,0
163,88,Arvakr Faste,2,685596,389325,8696,270,25,9,-9,1
163,88,Arvakr Faste,2,685596,389325,8696,270,27,-15,-9,0
163,88,Arvakr Faste,2,685596,389325,8696,270,26,-5,-2,3
163,88,Arvakr Faste,2,685596,389325,8696,270,23,13,-8,3
163,88,Arvakr Faste,2,685596,389325,8696,270,25,-8,-9,0
163,88,Arvakr Faste,2,685596,389325,8696,270,29,-8,-8,3
163,88,Arvakr Faste,2,685596,389325,8696,270,22,12,1,3
163,88,Arvakr Faste,2,685596,389325,8696,270,28,13,-2,3
163,88,Arvakr Faste,2,685596,389325,8696,270,27,16,10,2
163,88,Arvakr Faste,2,685596,389325,8696,270,28,-12,-6,1
163,88,Arvakr Faste,2,685596,389325,8696,270,23,-12,0,1
163,88,Arvakr Faste,2,685596,389325,8696,270,29,-3,10,2
163,88,Arvakr Faste,2,685596,389325,8696,270,23,3,13,2
163,88,Arvakr Faste,2,685596,389325,8696,270,29,9,10,2
163,88,Arvakr Faste,2,685596,389325,8696,270,25,-9,10,2
163,107,Dun Crauchon,3,472315,501225,8776,11,30,-5,5,0
163,107,Dun Crauchon,3,472315,501225,8776,11,24,-2,-6,0
163,107,Dun Crauchon,3,472315,501225,8776,11,21,4,-9,0
163,107,Dun Crauchon,3,472315,501225,8776,11,21,-5,-9,0
163,107,Dun Crauchon,3,472315,501225,8776,11,25,-6,-6,1
163,107,Dun Crauchon,3,472315,501225,8776,11,25,7,-6,0
163,107,Dun Crauchon,3,472315,501225,8776,11,21,10,1,3
163,107,Dun Crauchon,3,472315,501225,8776,11,21,-9,3,1
163,107,Dun Crauchon,3,472315,501225,8776,11,21,-3,10,2
163,107,Dun Crauchon,3,472315,501225,8776,11,29,6,7,2
163,107,Dun Crauchon,3,472315,501225,8776,11,28,-9,6,1
163,107,Dun Crauchon,3,472315,501225,8776,11,28,10,4,3
163,107,Dun Crauchon,3,472315,501225,8776,11,25,7,7,3
163,107,Dun Crauchon,3,472315,501225,8776,11,21,0,10,2
163,107,Dun Crauchon,3,472315,501225,8776,11,32,-6,0,1
163,107,Dun Crauchon,3,472315,501225,8776,11,32,7,-5,3
163,107,Dun Crauchon,3,472315,501225,8776,11,33,4,-1,0
163,107,Dun Crauchon,3,472315,501225,8776,11,27,-6,13,1
163,108,Dun Crimthain,3,431788,507310,8752,270,30,0,8,1
163,108,Dun Crimthain,3,431788,507310,8752,270,24,-2,-7,0
163,108,Dun Crimthain,3,431788,507310,8752,270,25,4,-7,0
163,108,Dun Crimthain,3,431788,507310,8752,270,25,-3,-7,1
163,108,Dun Crimthain,3,431788,507310,8752,270,29,-3,-1,1
163,108,Dun Crimthain,3,431788,507310,8752,270,29,4,-6,3
163,108,Dun Crimthain,3,431788,507310,8752,270,22,6,0,3
163,108,Dun Crimthain,3,431788,507310,8752,270,27,10,9,2
163,108,Dun Crimthain,3,431788,507310,8752,270,27,-3,15,1
163,108,Dun Crimthain,3,431788,507310,8752,270,23,3,12,2
163,108,Dun Crimthain,3,431788,507310,8752,270,20,-6,4,0
163,109,Dun Bolg,3,475725,543454,8232,0,30,-3,5,1
163,109,Dun Bolg,3,475725,543454,8232,0,24,1,-7,0
163,109,Dun Bolg,3,475725,543454,8232,0,25,7,-7,0
163,109,Dun Bolg,3,475725,543454,8232,0,29,7,-6,3
163,109,Dun Bolg,3,475725,543454,8232,0,21,10,0,3
163,109,Dun Bolg,3,475725,543454,8232,0,29,7,3,3
163,109,Dun Bolg,3,475725,543454,8232,0,25,7,9,3
163,109,Dun Bolg,3,475725,543454,8232,0,23,-5,-10,0
163,109,Dun Bolg,3,475725,543454,8232,0,27,-12,-7,0
163,109,Dun Bolg,3,475725,543454,8232,0,29,6,9,2
163,109,Dun Bolg,3,475725,543454,8232,0,23,0,12,2
163,109,Dun Bolg,3,475725,543454,8232,0,27,-6,15,1
163,109,Dun Bolg,3,475725,543454,8232,0,21,-9,-4,1
163,109,Dun Bolg,3,475725,543454,8232,0,28,-9,8,1
163,109,Dun Bolg,3,475725,543454,8232,0,20,-7,6,0
163,110,Dun nGed,3,442055,576454,8880,180,30,3,7,2
163,110,Dun nGed,3,442055,576454,8880,180,24,1,0,0
163,110,Dun nGed,3,442055,576454,8880,180,27,-9,16,1
163,110,Dun nGed,3,442055,576454,8880,180,21,-6,13,2
163,110,Dun nGed,3,442055,576454,8880,180,21,7,-3,0
163,110,Dun nGed,3,442055,576454,8880,180,27,16,10,2
163,110,Dun nGed,3,442055,576454,8880,180,23,9,13,2
163,110,Dun nGed,3,442055,576454,8880,180,22,12,1,3
163,110,Dun nGed,3,442055,576454,8880,180,27,10,-6,3
163,110,Dun nGed,3,442055,576454,8880,180,26,-5,-8,3
163,110,Dun nGed,3,442055,576454,8880,180,27,-8,-15,3
163,110,Dun nGed,3,442055,576454,8880,180,25,-9,-9,1
163,110,Dun nGed,3,442055,576454,8880,180,22,-11,0,1
163,110,Dun nGed,3,442055,576454,8880,180,28,-12,9,1
163,110,Dun nGed,3,442055,576454,8880,180,23,-12,6,1
163,110,Dun nGed,3,442055,576454,8880,180,20,-7,2,0
163,111,Dun da Behnn,3,477289,596314,8368,180,30,7,-3,3
163,111,Dun da Behnn,3,477289,596314,8368,180,24,-8,-4,0
163,111,Dun da Behnn,3,477289,596314,8368,180,27,-15,-4,0
163,111,Dun da Behnn,3,477289,596314,8368,180,23,-2,-7,0
163,111,Dun da Behnn,3,477289,596314,8368,180,23,4,-7,0
163,111,Dun da Behnn,3,477289,596314,8368,180,27,10,-10,3
163,111,Dun da Behnn,3,477289,596314,8368,180,22,-11,5,1
163,111,Dun da Behnn,3,477289,596314,8368,180,27,-9,12,1
163,111,Dun da Behnn,3,477289,596314,8368,180,29,-3,6,2
163,111,Dun da Behnn,3,477289,596314,8368,180,29,3,6,2
163,111,Dun da Behnn,3,477289,596314,8368,180,23,9,9,2
163,111,Dun da Behnn,3,477289,596314,8368,180,27,16,6,2
163,112,Dun Scathaig,3,448113,666495,6720,180,30,-5,8,0
163,112,Dun Scathaig,3,448113,666495,6720,180,24,-2,-9,0
163,112,Dun Scathaig,3,448113,666495,6720,180,21,4,-12,0
163,112,Dun Scathaig,3,448113,666495,6720,180,21,-5,-12,0
163,112,Dun Scathaig,3,448113,666495,6720,180,27,-12,-9,0
163,112,Dun Scathaig,3,448113,666495,6720,180,27,7,-15,3
163,112,Dun Scathaig,3,448113,666495,6720,180,29,3,10,2
163,112,Dun Scathaig,3,448113,666495,6720,180,23,10,-8,3
163,112,Dun Scathaig,3,448113,666495,6720,180,23,10,4,3
163,112,Dun Scathaig,3,448113,666495,6720,180,27,13,10,2
163,112,Dun Scathaig,3,448113,666495,6720,180,28,6,13,2
163,112,Dun Scathaig,3,448113,666495,6720,180,27,-6,16,1
163,112,Dun Scathaig,3,448113,666495,6720,180,23,-9,9,1
163,112,Dun Scathaig,3,448113,666495,6720,180,23,-9,-3,1
163,112,Dun Scathaig,3,448113,666495,6720,180,32,-6,3,1
163,112,Dun Scathaig,3,448113,666495,6720,180,32,7,-2,3
163,112,Dun Scathaig,3,448113,666495,6720,180,33,4,2,0
163,112,Dun Scathaig,3,448113,666495,6720,180,21,-3,13,2
163,113,Dun Ailinne,3,411662,607913,8496,0,30,-6,9,1
163,113,Dun Ailinne,3,411662,607913,8496,0,24,9,-3,1
163,113,Dun Ailinne,3,411662,607913,8496,0,27,10,-15,3
163,113,Dun Ailinne,3,411662,607913,8496,0,26,1,3,0
163,113,Dun Ailinne,3,411662,607913,8496,0,25,9,-9,1
163,113,Dun Ailinne,3,411662,607913,8496,0,27,-15,-9,0
163,113,Dun Ailinne,3,411662,607913,8496,0,26,-5,-2,3
163,113,Dun Ailinne,3,411662,607913,8496,0,23,13,-8,3
163,113,Dun Ailinne,3,411662,607913,8496,0,25,-8,-9,0
163,113,Dun Ailinne,3,411662,607913,8496,0,29,-8,-8,3
163,113,Dun Ailinne,3,411662,607913,8496,0,22,12,1,3
163,113,Dun Ailinne,3,411662,607913,8496,0,28,13,-2,3
163,113,Dun Ailinne,3,411662,607913,8496,0,27,16,10,2
163,113,Dun Ailinne,3,411662,607913,8496,0,28,-12,-6,1
163,113,Dun Ailinne,3,411662,607913,8496,0,23,-12,0,1
163,113,Dun Ailinne,3,411662,607913,8496,0,29,-3,10,2
163,113,Dun Ailinne,3,411662,607913,8496,0,23,3,13,2
163,113,Dun Ailinne,3,411662,607913,8496,0,29,9,10,2
163,113,Dun Ailinne,3,411662,607913,8496,0,25,-9,10,2
163,319,Caer Berkstead Guardtower,1,611588,510448,8728,340,31,-4,6,0
163,320,Caer Erasleigh Watchtower,1,590373,544245,8264,259,31,-4,6,0
163,321,Caer Boldiam Watchtower,1,623970,583502,8880,0,31,-4,6,0
163,322,Caer Sursbrooke Watchtower,1,590837,583678,8496,270,31,-4,6,0
163,323,Caer Hurbury Guardtower,1,594551,649095,8424,112,31,-4,6,0
163,324,Caer Renaris Guardtower,1,624825,612374,8576,25,31,-4,6,0
163,338,Bledmeer Faste Guardtower,2,530480,411346,8944,45,31,-4,6,0
163,339,Nottmoor Faste Watchtower,2,534775,370875,8720,68,31,-4,6,0
163,340,Hlidskialf Faste Guardtower,2,644745,415558,8424,333,31,-4,6,0
163,341,Blendrake Faste Watchtower,2,579860,392185,9728,12,31,-4,6,0
163,342,Glenlock Faste Guardtower,2,608502,370863,8880,175,31,-4,6,0
163,343,Fensalir Faste Guardtower,2,645038,346283,8664,290,31,-4,6,0
163,344,Arvakr Faste Guardtower,2,690679,388857,8696,270,31,-4,6,0
163,363,Dun Crauchon Guardtower,3,477079,498885,8776,240,31,-4,6,0
163,364,Dun Crimthain Watchtower,3,437020,505263,8752,333,31,-4,6,0
163,365,Dun Bolg Watchtower,3,458389,544056,8404,76,31,-4,6,0
163,366,Dun nGed Guardtower,3,443082,571745,8880,205,31,-4,6,0
163,367,Dun da Behnn Watchtower,3,457928,592410,8368,345,31,-4,6,0
163,368,Dun Scathaig Watchtower,3,459773,652423,8408,0,31,-4,6,0
163,369,Dun Ailinne Guardtower,3,412817,612370,8496,350,31,-4,6,0
163,574,Caer Benowyc Watchtower,1,572659,498885,8776,114,31,-4,6,0
163,575,Caer Berkstead Watchtower,1,592184,517369,8753,27,31,-4,6,0
163,576,Caer Erasleigh Guardtower,1,575407,543279,8048,225,31,-4,6,0
163,577,Caer Boldiam Guardtower,1,608340,581096,8880,350,31,-4,6,0
163,578,Caer Sursbrooke Guardtower,1,577577,598862,8496,136,31,-4,6,0
163,579,Caer Hurbury Watchtower,1,597787,628371,9112,173,31,-4,6,0
163,580,Caer Renaris Watchtower,1,610459,608482,8720,102,31,-4,6,0
163,595,Nottmoor Faste Guardtower,2,548414,380015,8720,327,31,-4,6,0
163,596,Hlidskialf Faste Watchtower,2,624120,414642,8792,45,31,-4,6,0
163,597,Blendrake Faste Guardtower,2,603381,413201,8280,310,31,-4,6,0
163,598,Glenlock Faste Watchtower,2,615923,388691,8882,38,31,-4,6,0
163,599,Fensalir Faste Watchtower,2,623405,338816,8664,351,31,-4,6,0
163,600,Arvakr Faste Watchtower,2,682140,374443,8696,15,31,-4,6,0
163,620,Dun Crimthain Guardtower,3,448764,511094,8760,270,31,-4,6,0
163,621,Dun Bolg Guardtower,3,471851,548339,8048,319,31,-4,6,0
163,622,Dun nGed Watchtower,3,432942,559727,8544,319,31,-4,6,0
163,623,Dun da Behnn Guardtower,3,481431,592425,8368,217,31,-4,6,0
163,624,Dun Scathaig Guardtower,3,446053,661670,6720,155,31,-4,6,0
163,625,Dun Ailinne Watchtower,3,427484,614150,8496,0,31,-4,6,0
163,831,Caer Berkstead Outpost,1,617113,525051,8056,42,31,-4,6,0
163,834,Caer Sursbrooke Outpost,1,563976,603069,8048,83,31,-4,6,0
163,851,Nottmoor Faste Outpost,2,559472,366148,8576,341,31,-4,6,0
163,852,Hlidskialf Faste Spire,2,656907,410789,8152,240,31,-4,6,0
163,876,Dun Crimthain Outpost,3,435776,527444,8128,0,31,-4,6,0
163,877,Dun Bolg Outpost,3,469849,564920,8880,0,31,-4,6,0
163,1086,Caer Benowyc Spire,1,593957,499985,8896,271,31,-4,6,0
163,1088,Caer Erasleigh Outpost,1,579169,526827,9120,22,31,-4,6,0
163,1089,Caer Boldiam Spire,1,609805,560117,8048,180,31,-4,6,0
163,1106,Bledmeer Faste Spire,2,532643,391557,8888,180,31,-4,6,0
163,1109,Blendrake Faste Outpost,2,581302,412151,8680,339,31,-4,6,0
163,1110,Glenlock Faste Outpost,2,621751,359061,8280,354,31,-4,6,0
163,1131,Dun Crauchon Spire,3,456472,500394,8880,90,31,-4,6,0
163,1134,Dun nGed Outpost,3,425080,587142,8048,0,31,-4,6,0
163,1135,Dun da Behnn Outpost,3,473480,610486,9072,14,31,-4,6,0
# Battlegrounds: positions and piece layouts from Dawn-of-Light db-public; new layout (skins >= 20), old tower skin 11 as its new model 31, headings above 360 converted from 4096 units; z set to the ground for 126, 131, 134, 201, 203 (db-public puts them below or far above it)
234,125,Fort Brolorn,3,557056,557056,7808,0,21,-6,1,1
234,125,Fort Brolorn,3,557056,557056,7808,0,21,0,5,2
234,125,Fort Brolorn,3,557056,557056,7808,0,21,3,5,2
234,125,Fort Brolorn,3,557056,557056,7808,0,21,7,-1,3
234,125,Fort Brolorn,3,557056,557056,7808,0,25,-3,-2,1
234,125,Fort Brolorn,3,557056,557056,7808,0,25,-3,2,2
234,125,Fort Brolorn,3,557056,557056,7808,0,25,4,-2,0
234,125,Fort Brolorn,3,557056,557056,7808,0,25,4,2,3
234,125,Fort Brolorn,3,557056,557056,7808,0,34,-2,-2,0
234,381,Albion Portal Keep,1,573189,549387,8640,63,21,4,-6,0
234,381,Albion Portal Keep,1,573189,549387,8640,63,21,6,7,2
234,381,Albion Portal Keep,1,573189,549387,8640,63,21,-5,-6,0
234,381,Albion Portal Keep,1,573189,549387,8640,63,21,-3,7,2
234,381,Albion Portal Keep,1,573189,549387,8640,63,23,10,-2,3
234,381,Albion Portal Keep,1,573189,549387,8640,63,23,-9,3,1
234,381,Albion Portal Keep,1,573189,549387,8640,63,24,-2,-3,0
234,381,Albion Portal Keep,1,573189,549387,8640,63,27,7,-9,3
234,381,Albion Portal Keep,1,573189,549387,8640,63,27,13,4,2
234,381,Albion Portal Keep,1,573189,549387,8640,63,27,-12,-3,0
234,381,Albion Portal Keep,1,573189,549387,8640,63,27,-6,10,1
234,381,Albion Portal Keep,1,573189,549387,8640,63,29,3,4,2
234,637,Midgard Portal Keep,2,557159,574661,8640,180,21,4,-6,0
234,637,Midgard Portal Keep,2,557159,574661,8640,180,21,6,7,2
234,637,Midgard Portal Keep,2,557159,574661,8640,180,21,-5,-6,0
234,637,Midgard Portal Keep,2,557159,574661,8640,180,21,-3,7,2
234,637,Midgard Portal Keep,2,557159,574661,8640,180,23,10,-2,3
234,637,Midgard Portal Keep,2,557159,574661,8640,180,23,-9,3,1
234,637,Midgard Portal Keep,2,557159,574661,8640,180,24,-2,-3,0
234,637,Midgard Portal Keep,2,557159,574661,8640,180,27,7,-9,3
234,637,Midgard Portal Keep,2,557159,574661,8640,180,27,13,4,2
234,637,Midgard Portal Keep,2,557159,574661,8640,180,27,-12,-3,0
234,637,Midgard Portal Keep,2,557159,574661,8640,180,27,-6,10,1
234,637,Midgard Portal Keep,2,557159,574661,8640,180,29,3,4,2
234,893,Hibernia Portal Keep,3,541023,549746,8640,295,21,4,-6,0
234,893,Hibernia Portal Keep,3,541023,549746,8640,295,21,6,7,2
234,893,Hibernia Portal Keep,3,541023,549746,8640,295,21,-5,-6,0
234,893,Hibernia Portal Keep,3,541023,549746,8640,295,21,-3,7,2
234,893,Hibernia Portal Keep,3,541023,549746,8640,295,23,10,-2,3
234,893,Hibernia Portal Keep,3,541023,549746,8640,295,23,-9,3,1
234,893,Hibernia Portal Keep,3,541023,549746,8640,295,24,-2,-3,0
234,893,Hibernia Portal Keep,3,541023,549746,8640,295,27,7,-9,3
234,893,Hibernia Portal Keep,3,541023,549746,8640,295,27,13,4,2
234,893,Hibernia Portal Keep,3,541023,549746,8640,295,27,-12,-3,0
234,893,Hibernia Portal Keep,3,541023,549746,8640,295,27,-6,10,1
234,893,Hibernia Portal Keep,3,541023,549746,8640,295,29,3,4,2
235,126,Leonis Keep,2,556749,556948,4224,0,21,0,8,2
235,126,Leonis Keep,2,556749,556948,4224,0,21,3,8,2
235,126,Leonis Keep,2,556749,556948,4224,0,25,-3,-2,1
235,126,Leonis Keep,2,556749,556948,4224,0,25,-3,5,2
235,126,Leonis Keep,2,556749,556948,4224,0,25,4,-2,0
235,126,Leonis Keep,2,556749,556948,4224,0,25,4,5,3
235,126,Leonis Keep,2,556749,556948,4224,0,29,-3,4,1
235,126,Leonis Keep,2,556749,556948,4224,0,29,4,-1,3
235,126,Leonis Keep,2,556749,556948,4224,0,34,-2,-2,0
235,382,Albion Portal Keep,1,537173,537122,5056,300,21,4,-6,0
235,382,Albion Portal Keep,1,537173,537122,5056,300,21,6,7,2
235,382,Albion Portal Keep,1,537173,537122,5056,300,21,-5,-6,0
235,382,Albion Portal Keep,1,537173,537122,5056,300,21,-3,7,2
235,382,Albion Portal Keep,1,537173,537122,5056,300,23,10,-2,3
235,382,Albion Portal Keep,1,537173,537122,5056,300,23,-9,3,1
235,382,Albion Portal Keep,1,537173,537122,5056,300,24,-2,-3,0
235,382,Albion Portal Keep,1,537173,537122,5056,300,27,7,-9,3
235,382,Albion Portal Keep,1,537173,537122,5056,300,27,13,4,2
235,382,Albion Portal Keep,1,537173,537122,5056,300,27,-12,-3,0
235,382,Albion Portal Keep,1,537173,537122,5056,300,27,-6,10,1
235,382,Albion Portal Keep,1,537173,537122,5056,300,29,3,4,2
235,638,Midgard Portal Keep,2,544737,575192,5056,208,21,4,-6,0
235,638,Midgard Portal Keep,2,544737,575192,5056,208,21,6,7,2
235,638,Midgard Portal Keep,2,544737,575192,5056,208,21,-5,-6,0
235,638,Midgard Portal Keep,2,544737,575192,5056,208,21,-3,7,2
235,638,Midgard Portal Keep,2,544737,575192,5056,208,23,10,-2,3
235,638,Midgard Portal Keep,2,544737,575192,5056,208,23,-9,3,1
235,638,Midgard Portal Keep,2,544737,575192,5056,208,24,-2,-3,0
235,638,Midgard Portal Keep,2,544737,575192,5056,208,27,7,-9,3
235,638,Midgard Portal Keep,2,544737,575192,5056,208,27,13,4,2
235,638,Midgard Portal Keep,2,544737,575192,5056,208,27,-12,-3,0
235,638,Midgard Portal Keep,2,544737,575192,5056,208,27,-6,10,1
235,638,Midgard Portal Keep,2,544737,575192,5056,208,29,3,4,2
235,894,Hibernia Portal Keep,3,579016,555031,5056,65,21,4,-6,0
235,894,Hibernia Portal Keep,3,579016,555031,5056,65,21,6,7,2
235,894,Hibernia Portal Keep,3,579016,555031,5056,65,21,-5,-6,0
235,894,Hibernia Portal Keep,3,579016,555031,5056,65,21,-3,7,2
235,894,Hibernia Portal Keep,3,579016,555031,5056,65,23,10,-2,3
235,894,Hibernia Portal Keep,3,579016,555031,5056,65,23,-9,3,1
235,894,Hibernia Portal Keep,3,579016,555031,5056,65,24,-2,-3,0
235,894,Hibernia Portal Keep,3,579016,555031,5056,65,27,7,-9,3
235,894,Hibernia Portal Keep,3,579016,555031,5056,65,27,13,4,2
235,894,Hibernia Portal Keep,3,579016,555031,5056,65,27,-12,-3,0
235,894,Hibernia Portal Keep,3,579016,555031,5056,65,27,-6,10,1
235,894,Hibernia Portal Keep,3,579016,555031,5056,65,29,3,4,2
236,127,Caer Claret,3,556693,556958,8272,0,21,-6,1,1
236,127,Caer Claret,3,556693,556958,8272,0,21,0,5,2
236,127,Caer Claret,3,556693,556958,8272,0,21,3,5,2
236,127,Caer Claret,3,556693,556958,8272,0,21,7,-1,3
236,127,Caer Claret,3,556693,556958,8272,0,24,-2,-2,0
236,127,Caer Claret,3,556693,556958,8272,0,27,-9,-2,0
236,127,Caer Claret,3,556693,556958,8272,0,27,-3,8,1
236,127,Caer Claret,3,556693,556958,8272,0,27,4,-8,3
236,127,Caer Claret,3,556693,556958,8272,0,27,10,2,2
236,383,Albion Portal Keep,1,541434,577799,8008,210,21,4,-6,0
236,383,Albion Portal Keep,1,541434,577799,8008,210,21,6,7,2
236,383,Albion Portal Keep,1,541434,577799,8008,210,21,-5,-6,0
236,383,Albion Portal Keep,1,541434,577799,8008,210,21,-3,7,2
236,383,Albion Portal Keep,1,541434,577799,8008,210,23,10,-2,3
236,383,Albion Portal Keep,1,541434,577799,8008,210,23,-9,3,1
236,383,Albion Portal Keep,1,541434,577799,8008,210,24,-2,-3,0
236,383,Albion Portal Keep,1,541434,577799,8008,210,27,7,-9,3
236,383,Albion Portal Keep,1,541434,577799,8008,210,27,13,4,2
236,383,Albion Portal Keep,1,541434,577799,8008,210,27,-12,-3,0
236,383,Albion Portal Keep,1,541434,577799,8008,210,27,-6,10,1
236,383,Albion Portal Keep,1,541434,577799,8008,210,29,3,4,2
236,639,Midgard Portal Keep,2,582626,553398,8008,90,21,4,-6,0
236,639,Midgard Portal Keep,2,582626,553398,8008,90,21,6,7,2
236,639,Midgard Portal Keep,2,582626,553398,8008,90,21,-5,-6,0
236,639,Midgard Portal Keep,2,582626,553398,8008,90,21,-3,7,2
236,639,Midgard Portal Keep,2,582626,553398,8008,90,23,10,-2,3
236,639,Midgard Portal Keep,2,582626,553398,8008,90,23,-9,3,1
236,639,Midgard Portal Keep,2,582626,553398,8008,90,24,-2,-3,0
236,639,Midgard Portal Keep,2,582626,553398,8008,90,27,7,-9,3
236,639,Midgard Portal Keep,2,582626,553398,8008,90,27,13,4,2
236,639,Midgard Portal Keep,2,582626,553398,8008,90,27,-12,-3,0
236,639,Midgard Portal Keep,2,582626,553398,8008,90,27,-6,10,1
236,639,Midgard Portal Keep,2,582626,553398,8008,90,29,3,4,2
236,895,Hibernia Portal Keep,3,537984,539654,8008,315,21,4,-6,0
236,895,Hibernia Portal Keep,3,537984,539654,8008,315,21,6,7,2
236,895,Hibernia Portal Keep,3,537984,539654,8008,315,21,-5,-6,0
236,895,Hibernia Portal Keep,3,537984,539654,8008,315,21,-3,7,2
236,895,Hibernia Portal Keep,3,537984,539654,8008,315,23,10,-2,3
236,895,Hibernia Portal Keep,3,537984,539654,8008,315,23,-9,3,1
236,895,Hibernia Portal Keep,3,537984,539654,8008,315,24,-2,-3,0
236,895,Hibernia Portal Keep,3,537984,539654,8008,315,27,7,-9,3
236,895,Hibernia Portal Keep,3,537984,539654,8008,315,27,13,4,2
236,895,Hibernia Portal Keep,3,537984,539654,8008,315,27,-12,-3,0
236,895,Hibernia Portal Keep,3,537984,539654,8008,315,27,-6,10,1
236,895,Hibernia Portal Keep,3,537984,539654,8008,315,29,3,4,2
# Dun Killaloe: db-public has no pieces, Caer Claret's layout stands in until there is data; Killaloe portal keep headings (db-public 0) from the terrain plateau and the gate facing the center
237,138,Dun Killaloe,3,557067,556900,8768,0,21,-6,1,1
237,138,Dun Killaloe,3,557067,556900,8768,0,21,0,5,2
237,138,Dun Killaloe,3,557067,556900,8768,0,21,3,5,2
237,138,Dun Killaloe,3,557067,556900,8768,0,21,7,-1,3
237,138,Dun Killaloe,3,557067,556900,8768,0,24,-2,-2,0
237,138,Dun Killaloe,3,557067,556900,8768,0,27,-9,-2,0
237,138,Dun Killaloe,3,557067,556900,8768,0,27,-3,8,1
237,138,Dun Killaloe,3,557067,556900,8768,0,27,4,-8,3
237,138,Dun Killaloe,3,557067,556900,8768,0,27,10,2,2
237,201,Albion Portal Keep,1,544726,582450,8288,185,21,4,-6,0
237,201,Albion Portal Keep,1,544726,582450,8288,185,21,6,7,2
237,201,Albion Portal Keep,1,544726,582450,8288,185,21,-5,-6,0
237,201,Albion Portal Keep,1,544726,582450,8288,185,21,-3,7,2
237,201,Albion Portal Keep,1,544726,582450,8288,185,23,10,-2,3
237,201,Albion Portal Keep,1,544726,582450,8288,185,23,-9,3,1
237,201,Albion Portal Keep,1,544726,582450,8288,185,24,-2,-3,0
237,201,Albion Portal Keep,1,544726,582450,8288,185,27,7,-9,3
237,201,Albion Portal Keep,1,544726,582450,8288,185,27,13,4,2
237,201,Albion Portal Keep,1,544726,582450,8288,185,27,-12,-3,0
237,201,Albion Portal Keep,1,544726,582450,8288,185,27,-6,10,1
237,201,Albion Portal Keep,1,544726,582450,8288,185,29,3,4,2
237,202,Midgard Portal keep,2,584841,559325,8288,95,21,4,-6,0
237,202,Midgard Portal keep,2,584841,559325,8288,95,21,6,7,2
237,202,Midgard Portal keep,2,584841,559325,8288,95,21,-5,-6,0
237,202,Midgard Portal keep,2,584841,559325,8288,95,21,-3,7,2
237,202,Midgard Portal keep,2,584841,559325,8288,95,23,10,-2,3
237,202,Midgard Portal keep,2,584841,559325,8288,95,23,-9,3,1
237,202,Midgard Portal keep,2,584841,559325,8288,95,24,-2,-3,0
237,202,Midgard Portal keep,2,584841,559325,8288,95,27,7,-9,3
237,202,Midgard Portal keep,2,584841,559325,8288,95,27,13,4,2
237,202,Midgard Portal keep,2,584841,559325,8288,95,27,-12,-3,0
237,202,Midgard Portal keep,2,584841,559325,8288,95,27,-6,10,1
237,202,Midgard Portal keep,2,584841,559325,8288,95,29,3,4,2
237,203,Hibernia Portal Keep,3,534997,537319,8288,310,21,4,-6,0
237,203,Hibernia Portal Keep,3,534997,537319,8288,310,21,6,7,2
237,203,Hibernia Portal Keep,3,534997,537319,8288,310,21,-5,-6,0
237,203,Hibernia Portal Keep,3,534997,537319,8288,310,21,-3,7,2
237,203,Hibernia Portal Keep,3,534997,537319,8288,310,23,10,-2,3
237,203,Hibernia Portal Keep,3,534997,537319,8288,310,23,-9,3,1
237,203,Hibernia Portal Keep,3,534997,537319,8288,310,24,-2,-3,0
237,203,Hibernia Portal Keep,3,534997,537319,8288,310,27,7,-9,3
237,203,Hibernia Portal Keep,3,534997,537319,8288,310,27,13,4,2
237,203,Hibernia Portal Keep,3,534997,537319,8288,310,27,-12,-3,0
237,203,Hibernia Portal Keep,3,534997,537319,8288,310,27,-6,10,1
237,203,Hibernia Portal Keep,3,534997,537319,8288,310,29,3,4,2
238,129,Thidranki Faste,3,549619,554387,4424,345,21,-9,0,1
238,129,Thidranki Faste,3,549619,554387,4424,345,21,-9,3,1
238,129,Thidranki Faste,3,549619,554387,4424,345,21,-5,-6,0
238,129,Thidranki Faste,3,549619,554387,4424,345,21,-2,-6,0
238,129,Thidranki Faste,3,549619,554387,4424,345,21,6,7,2
238,129,Thidranki Faste,3,549619,554387,4424,345,21,10,-2,3
238,129,Thidranki Faste,3,549619,554387,4424,345,21,10,1,3
238,129,Thidranki Faste,3,549619,554387,4424,345,24,1,-3,0
238,129,Thidranki Faste,3,549619,554387,4424,345,27,-12,-3,0
238,129,Thidranki Faste,3,549619,554387,4424,345,27,-6,10,1
238,129,Thidranki Faste,3,549619,554387,4424,345,27,7,-9,3
238,129,Thidranki Faste,3,549619,554387,4424,345,27,13,4,2
238,129,Thidranki Faste,3,549619,554387,4424,345,30,3,1,2
238,385,Albion Portal Keep,1,563575,574212,5408,180,21,4,-6,0
238,385,Albion Portal Keep,1,563575,574212,5408,180,21,6,7,2
238,385,Albion Portal Keep,1,563575,574212,5408,180,21,-5,-6,0
238,385,Albion Portal Keep,1,563575,574212,5408,180,21,-3,7,2
238,385,Albion Portal Keep,1,563575,574212,5408,180,23,10,-2,3
238,385,Albion Portal Keep,1,563575,574212,5408,180,23,-9,3,1
238,385,Albion Portal Keep,1,563575,574212,5408,180,24,-2,-3,0
238,385,Albion Portal Keep,1,563575,574212,5408,180,27,7,-9,3
238,385,Albion Portal Keep,1,563575,574212,5408,180,27,13,4,2
238,385,Albion Portal Keep,1,563575,574212,5408,180,27,-12,-3,0
238,385,Albion Portal Keep,1,563575,574212,5408,180,27,-6,10,1
238,385,Albion Portal Keep,1,563575,574212,5408,180,29,3,4,2
238,641,Midgard Portal Keep,2,569953,540622,5408,0,21,4,-6,0
238,641,Midgard Portal Keep,2,569953,540622,5408,0,21,6,7,2
238,641,Midgard Portal Keep,2,569953,540622,5408,0,21,-5,-6,0
238,641,Midgard Portal Keep,2,569953,540622,5408,0,21,-3,7,2
238,641,Midgard Portal Keep,2,569953,540622,5408,0,23,10,-2,3
238,641,Midgard Portal Keep,2,569953,540622,5408,0,23,-9,3,1
238,641,Midgard Portal Keep,2,569953,540622,5408,0,24,-2,-3,0
238,641,Midgard Portal Keep,2,569953,540622,5408,0,27,7,-9,3
238,641,Midgard Portal Keep,2,569953,540622,5408,0,27,13,4,2
238,641,Midgard Portal Keep,2,569953,540622,5408,0,27,-12,-3,0
238,641,Midgard Portal Keep,2,569953,540622,5408,0,27,-6,10,1
238,641,Midgard Portal Keep,2,569953,540622,5408,0,29,3,4,2
238,897,Hibernia Portal Keep,3,533843,534134,5408,315,21,4,-6,0
238,897,Hibernia Portal Keep,3,533843,534134,5408,315,21,6,7,2
238,897,Hibernia Portal Keep,3,533843,534134,5408,315,21,-5,-6,0
238,897,Hibernia Portal Keep,3,533843,534134,5408,315,21,-3,7,2
238,897,Hibernia Portal Keep,3,533843,534134,5408,315,23,10,-2,3
238,897,Hibernia Portal Keep,3,533843,534134,5408,315,23,-9,3,1
238,897,Hibernia Portal Keep,3,533843,534134,5408,315,24,-2,-3,0
238,897,Hibernia Portal Keep,3,533843,534134,5408,315,27,7,-9,3
238,897,Hibernia Portal Keep,3,533843,534134,5408,315,27,13,4,2
238,897,Hibernia Portal Keep,3,533843,534134,5408,315,27,-12,-3,0
238,897,Hibernia Portal Keep,3,533843,534134,5408,315,27,-6,10,1
238,897,Hibernia Portal Keep,3,533843,534134,5408,315,29,3,4,2
239,130,Dun Braemar,3,552389,558136,7272,255,21,-3,-7,0
239,130,Dun Braemar,3,552389,558136,7272,255,21,9,3,3
239,130,Dun Braemar,3,552389,558136,7272,255,24,0,-4,0
239,130,Dun Braemar,3,552389,558136,7272,255,27,-10,-4,0
239,130,Dun Braemar,3,552389,558136,7272,255,27,-4,12,1
239,130,Dun Braemar,3,552389,558136,7272,255,27,6,-10,3
239,130,Dun Braemar,3,552389,558136,7272,255,27,12,6,2
239,130,Dun Braemar,3,552389,558136,7272,255,28,-7,5,1
239,130,Dun Braemar,3,552389,558136,7272,255,30,5,3,2
239,130,Dun Braemar,3,552389,558136,7272,255,32,-4,2,1
239,130,Dun Braemar,3,552389,558136,7272,255,32,6,-3,3
239,130,Dun Braemar,3,552389,558136,7272,255,33,-3,1,0
239,130,Dun Braemar,3,552389,558136,7272,255,33,0,1,0
239,130,Dun Braemar,3,552389,558136,7272,255,33,3,1,0
239,386,Albion Portal Keep,1,554386,585243,6952,180,21,4,-6,0
239,386,Albion Portal Keep,1,554386,585243,6952,180,21,6,7,2
239,386,Albion Portal Keep,1,554386,585243,6952,180,21,-5,-6,0
239,386,Albion Portal Keep,1,554386,585243,6952,180,21,-3,7,2
239,386,Albion Portal Keep,1,554386,585243,6952,180,23,10,-2,3
239,386,Albion Portal Keep,1,554386,585243,6952,180,23,-9,3,1
239,386,Albion Portal Keep,1,554386,585243,6952,180,24,-2,-3,0
239,386,Albion Portal Keep,1,554386,585243,6952,180,27,7,-9,3
239,386,Albion Portal Keep,1,554386,585243,6952,180,27,13,4,2
239,386,Albion Portal Keep,1,554386,585243,6952,180,27,-12,-3,0
239,386,Albion Portal Keep,1,554386,585243,6952,180,27,-6,10,1
239,386,Albion Portal Keep,1,554386,585243,6952,180,29,3,4,2
239,642,Midgard Portal Keep,2,582092,538427,6776,90,21,4,-6,0
239,642,Midgard Portal Keep,2,582092,538427,6776,90,21,6,7,2
239,642,Midgard Portal Keep,2,582092,538427,6776,90,21,-5,-6,0
239,642,Midgard Portal Keep,2,582092,538427,6776,90,21,-3,7,2
239,642,Midgard Portal Keep,2,582092,538427,6776,90,23,10,-2,3
239,642,Midgard Portal Keep,2,582092,538427,6776,90,23,-9,3,1
239,642,Midgard Portal Keep,2,582092,538427,6776,90,24,-2,-3,0
239,642,Midgard Portal Keep,2,582092,538427,6776,90,27,7,-9,3
239,642,Midgard Portal Keep,2,582092,538427,6776,90,27,13,4,2
239,642,Midgard Portal Keep,2,582092,538427,6776,90,27,-12,-3,0
239,642,Midgard Portal Keep,2,582092,538427,6776,90,27,-6,10,1
239,642,Midgard Portal Keep,2,582092,538427,6776,90,29,3,4,2
239,898,Hibernia Portal Keep,3,533268,533874,6768,300,21,4,-6,0
239,898,Hibernia Portal Keep,3,533268,533874,6768,300,21,6,7,2
239,898,Hibernia Portal Keep,3,533268,533874,6768,300,21,-5,-6,0
239,898,Hibernia Portal Keep,3,533268,533874,6768,300,21,-3,7,2
239,898,Hibernia Portal Keep,3,533268,533874,6768,300,23,10,-2,3
239,898,Hibernia Portal Keep,3,533268,533874,6768,300,23,-9,3,1
239,898,Hibernia Portal Keep,3,533268,533874,6768,300,24,-2,-3,0
239,898,Hibernia Portal Keep,3,533268,533874,6768,300,27,7,-9,3
239,898,Hibernia Portal Keep,3,533268,533874,6768,300,27,13,4,2
239,898,Hibernia Portal Keep,3,533268,533874,6768,300,27,-12,-3,0
239,898,Hibernia Portal Keep,3,533268,533874,6768,300,27,-6,10,1
239,898,Hibernia Portal Keep,3,533268,533874,6768,300,29,3,4,2
240,131,Caer Wilton,2,553616,557282,7048,180,21,11,3,3
240,131,Caer Wilton,2,553616,557282,7048,180,23,-4,-7,0
240,131,Caer Wilton,2,553616,557282,7048,180,23,11,-3,3
240,131,Caer Wilton,2,553616,557282,7048,180,24,2,-4,0
240,131,Caer Wilton,2,553616,557282,7048,180,25,-5,6,2
240,131,Caer Wilton,2,553616,557282,7048,180,25,8,6,3
240,131,Caer Wilton,2,553616,557282,7048,180,27,-11,-4,0
240,131,Caer Wilton,2,553616,557282,7048,180,27,8,-10,3
240,131,Caer Wilton,2,553616,557282,7048,180,29,1,6,2
240,131,Caer Wilton,2,553616,557282,7048,180,29,7,6,2
240,131,Caer Wilton,2,553616,557282,7048,180,30,-2,5,1
240,387,Albion Portal Keep,1,554521,583899,6952,180,21,4,-6,0
240,387,Albion Portal Keep,1,554521,583899,6952,180,21,6,7,2
240,387,Albion Portal Keep,1,554521,583899,6952,180,21,-5,-6,0
240,387,Albion Portal Keep,1,554521,583899,6952,180,21,-3,7,2
240,387,Albion Portal Keep,1,554521,583899,6952,180,23,10,-2,3
240,387,Albion Portal Keep,1,554521,583899,6952,180,23,-9,3,1
240,387,Albion Portal Keep,1,554521,583899,6952,180,24,-2,-3,0
240,387,Albion Portal Keep,1,554521,583899,6952,180,27,7,-9,3
240,387,Albion Portal Keep,1,554521,583899,6952,180,27,13,4,2
240,387,Albion Portal Keep,1,554521,583899,6952,180,27,-12,-3,0
240,387,Albion Portal Keep,1,554521,583899,6952,180,27,-6,10,1
240,387,Albion Portal Keep,1,554521,583899,6952,180,29,3,4,2
240,643,Midgard Portal Keep,2,533631,535174,6728,315,21,4,-6,0
240,643,Midgard Portal Keep,2,533631,535174,6728,315,21,6,7,2
240,643,Midgard Portal Keep,2,533631,535174,6728,315,21,-5,-6,0
240,643,Midgard Portal Keep,2,533631,535174,6728,315,21,-3,7,2
240,643,Midgard Portal Keep,2,533631,535174,6728,315,23,10,-2,3
240,643,Midgard Portal Keep,2,533631,535174,6728,315,23,-9,3,1
240,643,Midgard Portal Keep,2,533631,535174,6728,315,24,-2,-3,0
240,643,Midgard Portal Keep,2,533631,535174,6728,315,27,7,-9,3
240,643,Midgard Portal Keep,2,533631,535174,6728,315,27,13,4,2
240,643,Midgard Portal Keep,2,533631,535174,6728,315,27,-12,-3,0
240,643,Midgard Portal Keep,2,533631,535174,6728,315,27,-6,10,1
240,643,Midgard Portal Keep,2,533631,535174,6728,315,29,3,4,2
240,899,Hibernia Portal Keep,3,580637,538535,6736,45,21,4,-6,0
240,899,Hibernia Portal Keep,3,580637,538535,6736,45,21,6,7,2
240,899,Hibernia Portal Keep,3,580637,538535,6736,45,21,-5,-6,0
240,899,Hibernia Portal Keep,3,580637,538535,6736,45,21,-3,7,2
240,899,Hibernia Portal Keep,3,580637,538535,6736,45,23,10,-2,3
240,899,Hibernia Portal Keep,3,580637,538535,6736,45,23,-9,3,1
240,899,Hibernia Portal Keep,3,580637,538535,6736,45,24,-2,-3,0
240,899,Hibernia Portal Keep,3,580637,538535,6736,45,27,7,-9,3
240,899,Hibernia Portal Keep,3,580637,538535,6736,45,27,13,4,2
240,899,Hibernia Portal Keep,3,580637,538535,6736,45,27,-12,-3,0
240,899,Hibernia Portal Keep,3,580637,538535,6736,45,27,-6,10,1
240,899,Hibernia Portal Keep,3,580637,538535,6736,45,29,3,4,2
241,132,Molvik Faste,1,557677,551751,5896,0,21,-7,2,1
241,132,Molvik Faste,1,557677,551751,5896,0,21,-7,5,1
241,132,Molvik Faste,1,557677,551751,5896,0,21,3,-10,0
241,132,Molvik Faste,1,557677,551751,5896,0,21,9,0,3
241,132,Molvik Faste,1,557677,551751,5896,0,21,9,3,3
241,132,Molvik Faste,1,557677,551751,5896,0,24,-3,-7,0
241,132,Molvik Faste,1,557677,551751,5896,0,27,-10,-7,0
241,132,Molvik Faste,1,557677,551751,5896,0,27,-4,12,1
241,132,Molvik Faste,1,557677,551751,5896,0,27,6,-13,3
241,132,Molvik Faste,1,557677,551751,5896,0,27,12,6,2
241,132,Molvik Faste,1,557677,551751,5896,0,28,-1,9,2
241,132,Molvik Faste,1,557677,551751,5896,0,29,5,6,2
241,132,Molvik Faste,1,557677,551751,5896,0,30,-3,4,0
241,132,Molvik Faste,1,557677,551751,5896,0,32,-4,-1,1
241,132,Molvik Faste,1,557677,551751,5896,0,32,6,-6,3
241,388,Albion Portal Keep,1,531699,542006,5992,290,21,4,-6,0
241,388,Albion Portal Keep,1,531699,542006,5992,290,21,6,7,2
241,388,Albion Portal Keep,1,531699,542006,5992,290,21,-5,-6,0
241,388,Albion Portal Keep,1,531699,542006,5992,290,21,-3,7,2
241,388,Albion Portal Keep,1,531699,542006,5992,290,23,10,-2,3
241,388,Albion Portal Keep,1,531699,542006,5992,290,23,-9,3,1
241,388,Albion Portal Keep,1,531699,542006,5992,290,24,-2,-3,0
241,388,Albion Portal Keep,1,531699,542006,5992,290,27,7,-9,3
241,388,Albion Portal Keep,1,531699,542006,5992,290,27,13,4,2
241,388,Albion Portal Keep,1,531699,542006,5992,290,27,-12,-3,0
241,388,Albion Portal Keep,1,531699,542006,5992,290,27,-6,10,1
241,388,Albion Portal Keep,1,531699,542006,5992,290,29,3,4,2
241,644,Midgard Portal Keep,2,550401,577364,5992,180,21,4,-6,0
241,644,Midgard Portal Keep,2,550401,577364,5992,180,21,6,7,2
241,644,Midgard Portal Keep,2,550401,577364,5992,180,21,-5,-6,0
241,644,Midgard Portal Keep,2,550401,577364,5992,180,21,-3,7,2
241,644,Midgard Portal Keep,2,550401,577364,5992,180,23,10,-2,3
241,644,Midgard Portal Keep,2,550401,577364,5992,180,23,-9,3,1
241,644,Midgard Portal Keep,2,550401,577364,5992,180,24,-2,-3,0
241,644,Midgard Portal Keep,2,550401,577364,5992,180,27,7,-9,3
241,644,Midgard Portal Keep,2,550401,577364,5992,180,27,13,4,2
241,644,Midgard Portal Keep,2,550401,577364,5992,180,27,-12,-3,0
241,644,Midgard Portal Keep,2,550401,577364,5992,180,27,-6,10,1
241,644,Midgard Portal Keep,2,550401,577364,5992,180,29,3,4,2
241,900,Hibernia Portal Keep,3,575915,543437,5992,75,21,4,-6,0
241,900,Hibernia Portal Keep,3,575915,543437,5992,75,21,6,7,2
241,900,Hibernia Portal Keep,3,575915,543437,5992,75,21,-5,-6,0
241,900,Hibernia Portal Keep,3,575915,543437,5992,75,21,-3,7,2
241,900,Hibernia Portal Keep,3,575915,543437,5992,75,23,10,-2,3
241,900,Hibernia Portal Keep,3,575915,543437,5992,75,23,-9,3,1
241,900,Hibernia Portal Keep,3,575915,543437,5992,75,24,-2,-3,0
241,900,Hibernia Portal Keep,3,575915,543437,5992,75,27,7,-9,3
241,900,Hibernia Portal Keep,3,575915,543437,5992,75,27,13,4,2
241,900,Hibernia Portal Keep,3,575915,543437,5992,75,27,-12,-3,0
241,900,Hibernia Portal Keep,3,575915,543437,5992,75,27,-6,10,1
241,900,Hibernia Portal Keep,3,575915,543437,5992,75,29,3,4,2
241,1156,Molvik Albion Tower,1,546714,549524,5368,90,31,-3,4,0
241,1412,Molvik Midgard Tower,2,554628,564742,5440,15,31,-3,4,0
241,1668,Molvik Hibernian Tower,3,565590,544849,5368,230,31,-3,4,0
242,134,Leirvik Castle,1,294287,295659,10976,87,21,-8,-8,0
242,134,Leirvik Castle,1,294287,295659,10976,87,21,1,-8,0
242,134,Leirvik Castle,1,294287,295659,10976,87,21,3,8,2
242,134,Leirvik Castle,1,294287,295659,10976,87,22,0,7,2
242,134,Leirvik Castle,1,294287,295659,10976,87,24,4,-5,0
242,134,Leirvik Castle,1,294287,295659,10976,87,25,10,-5,0
242,134,Leirvik Castle,1,294287,295659,10976,87,27,-15,-5,0
242,134,Leirvik Castle,1,294287,295659,10976,87,27,-9,11,1
242,134,Leirvik Castle,1,294287,295659,10976,87,27,16,5,2
242,134,Leirvik Castle,1,294287,295659,10976,87,28,-12,4,1
242,134,Leirvik Castle,1,294287,295659,10976,87,28,13,2,3
242,134,Leirvik Castle,1,294287,295659,10976,87,29,-5,-5,0
242,134,Leirvik Castle,1,294287,295659,10976,87,29,9,5,2
242,134,Leirvik Castle,1,294287,295659,10976,87,30,-5,6,0
242,134,Leirvik Castle,1,294287,295659,10976,87,32,-9,1,1
242,134,Leirvik Castle,1,294287,295659,10976,87,32,10,-4,3
242,134,Leirvik Castle,1,294287,295659,10976,87,33,-8,0,0
242,134,Leirvik Castle,1,294287,295659,10976,87,33,4,0,0
242,134,Leirvik Castle,1,294287,295659,10976,87,33,7,0,0
242,390,Albion Portal Keep,1,321868,283864,10128,65,21,4,-6,0
242,390,Albion Portal Keep,1,321868,283864,10128,65,21,6,7,2
242,390,Albion Portal Keep,1,321868,283864,10128,65,21,-5,-6,0
242,390,Albion Portal Keep,1,321868,283864,10128,65,21,-3,7,2
242,390,Albion Portal Keep,1,321868,283864,10128,65,23,10,-2,3
242,390,Albion Portal Keep,1,321868,283864,10128,65,23,-9,3,1
242,390,Albion Portal Keep,1,321868,283864,10128,65,24,-2,-3,0
242,390,Albion Portal Keep,1,321868,283864,10128,65,27,7,-9,3
242,390,Albion Portal Keep,1,321868,283864,10128,65,27,13,4,2
242,390,Albion Portal Keep,1,321868,283864,10128,65,27,-12,-3,0
242,390,Albion Portal Keep,1,321868,283864,10128,65,27,-6,10,1
242,390,Albion Portal Keep,1,321868,283864,10128,65,29,3,4,2
242,646,Midgard Portal Keep,2,271949,272798,10128,0,21,4,-6,0
242,646,Midgard Portal Keep,2,271949,272798,10128,0,21,6,7,2
242,646,Midgard Portal Keep,2,271949,272798,10128,0,21,-5,-6,0
242,646,Midgard Portal Keep,2,271949,272798,10128,0,21,-3,7,2
242,646,Midgard Portal Keep,2,271949,272798,10128,0,23,10,-2,3
242,646,Midgard Portal Keep,2,271949,272798,10128,0,23,-9,3,1
242,646,Midgard Portal Keep,2,271949,272798,10128,0,24,-2,-3,0
242,646,Midgard Portal Keep,2,271949,272798,10128,0,27,7,-9,3
242,646,Midgard Portal Keep,2,271949,272798,10128,0,27,13,4,2
242,646,Midgard Portal Keep,2,271949,272798,10128,0,27,-12,-3,0
242,646,Midgard Portal Keep,2,271949,272798,10128,0,27,-6,10,1
242,646,Midgard Portal Keep,2,271949,272798,10128,0,29,3,4,2
242,902,Hibernia Portal Keep,3,280298,319673,10128,299,21,4,-6,0
242,902,Hibernia Portal Keep,3,280298,319673,10128,299,21,6,7,2
242,902,Hibernia Portal Keep,3,280298,319673,10128,299,21,-5,-6,0
242,902,Hibernia Portal Keep,3,280298,319673,10128,299,21,-3,7,2
242,902,Hibernia Portal Keep,3,280298,319673,10128,299,23,10,-2,3
242,902,Hibernia Portal Keep,3,280298,319673,10128,299,23,-9,3,1
242,902,Hibernia Portal Keep,3,280298,319673,10128,299,24,-2,-3,0
242,902,Hibernia Portal Keep,3,280298,319673,10128,299,27,7,-9,3
242,902,Hibernia Portal Keep,3,280298,319673,10128,299,27,13,4,2
242,902,Hibernia Portal Keep,3,280298,319673,10128,299,27,-12,-3,0
242,902,Hibernia Portal Keep,3,280298,319673,10128,299,27,-6,10,1
242,902,Hibernia Portal Keep,3,280298,319673,10128,299,29,3,4,2
242,1158,Midgard Leirvik Tower,2,282660,294130,10920,255,31,-3,4,0
242,1414,Albion Leirvik Tower,1,302305,284920,11136,121,31,-3,4,0
242,1670,Hibernia Leirvik Tower,3,295728,307441,11080,147,31,-3,4,0
